australia-links,ids,matchid
/ci/engine/match/754751.html,ODI # 3578,754751
/ci/engine/match/754749.html,ODI # 3582,754749
/ci/engine/match/754755.html,ODI # 3589,754755
/ci/engine/match/754757.html,ODI # 3592,754757
/ci/engine/match/754761.html,ODI # 3597,754761
/ci/engine/match/656401.html,ODI # 3600,656401
/ci/engine/match/656419.html,ODI # 3608a,656419
/ci/engine/match/656437.html,ODI # 3617,656437
/ci/engine/match/656449.html,ODI # 3623,656449
/ci/engine/match/656461.html,ODI # 3629,656461
/ci/engine/match/656477.html,ODI # 3637,656477
/ci/engine/match/656487.html,ODI # 3642,656487
/ci/engine/match/656493.html,ODI # 3645,656493
/ci/engine/match/656495.html,ODI # 3646,656495
/ci/engine/match/743973.html,ODI # 3679,743973
/ci/engine/match/743977.html,ODI # 3680,743977
/ci/engine/match/743979.html,ODI # 3681,743979
/ci/engine/match/743981.html,ODI # 3682,743981
/ci/engine/match/743983.html,ODI # 3683,743983
/ci/engine/match/743985.html,ODI # 3684,743985
/ci/engine/match/895807.html,ODI # 3723,895807
/ci/engine/match/895809.html,ODI # 3724,895809
/ci/engine/match/895811.html,ODI # 3725,895811
/ci/engine/match/895813.html,ODI # 3726,895813
/ci/engine/match/895815.html,ODI # 3727,895815
/ci/engine/match/914231.html,ODI # 3731,914231
/ci/engine/match/914233.html,ODI # 3733,914233
/ci/engine/match/914235.html,ODI # 3735,914235
/ci/engine/match/932851.html,ODI # 3740,932851
/ci/engine/match/932853.html,ODI # 3741,932853
/ci/engine/match/932855.html,ODI # 3743,932855
/ci/engine/match/932857.html,ODI # 3745,932857
/ci/engine/match/932861.html,ODI # 3750,932861
/ci/engine/match/932863.html,ODI # 3752,932863
/ci/engine/match/932867.html,ODI # 3756,932867
/ci/engine/match/995457.html,ODI # 3768,995457
/ci/engine/match/995459.html,ODI # 3769,995459
/ci/engine/match/995461.html,ODI # 3772,995461
/ci/engine/match/995463.html,ODI # 3774,995463
/ci/engine/match/995465.html,ODI # 3776,995465
/ci/engine/match/936133.html,ODI # 3782,936133
/ci/engine/match/936135.html,ODI # 3785,936135
/ci/engine/match/936137.html,ODI # 3787,936137
/ci/engine/match/936139.html,ODI # 3790,936139
/ci/engine/match/936141.html,ODI # 3792,936141
/ci/engine/match/936143.html,ODI # 3795,936143
/ci/engine/match/1001371.html,ODI # 3811,1001371
/ci/engine/match/1001373.html,ODI # 3812,1001373
/ci/engine/match/1001375.html,ODI # 3813,1001375
/ci/engine/match/1000887.html,ODI # 3817,1000887
/ci/engine/match/1000889.html,ODI # 3818,1000889
/ci/engine/match/1000891.html,ODI # 3820,1000891
/ci/engine/match/1000893.html,ODI # 3822,1000893
/ci/engine/match/1000895.html,ODI # 3826,1000895
/ci/engine/match/1020013.html,ODI # 3829,1020013
/ci/engine/match/1020015.html,ODI # 3830a,1020015
/ci/engine/match/1020017.html,ODI # 3832,1020017
/ci/engine/match/1022349.html,ODI # 3876,1022349
/ci/engine/match/1022355.html,ODI # 3879,1022355
/ci/engine/match/1022365.html,ODI # 3885,1022365
/ci/engine/match/1119496.html,ODI # 3910,1119496
