ids,india-links,matchid
ODI # 3582,/ci/engine/match/754749.html,754749
ODI # 3586,/ci/engine/match/754753.html,754753
ODI # 3592,/ci/engine/match/754757.html,754757
ODI # 3595,/ci/engine/match/754759.html,754759
ODI # 3602,/ci/engine/match/656405.html,656405
ODI # 3610,/ci/engine/match/656423.html,656423
ODI # 3618,/ci/engine/match/656439.html,656439
ODI # 3625,/ci/engine/match/656453.html,656453
ODI # 3631,/ci/engine/match/656465.html,656465
ODI # 3636,/ci/engine/match/656475.html,656475
ODI # 3641,/ci/engine/match/656485.html,656485
ODI # 3645,/ci/engine/match/656493.html,656493
ODI # 3658,/ci/engine/match/870731.html,870731
ODI # 3660,/ci/engine/match/870733.html,870733
ODI # 3661,/ci/engine/match/870735.html,870735
ODI # 3662,/ci/engine/match/885959.html,885959
ODI # 3665,/ci/engine/match/885965.html,885965
ODI # 3667,/ci/engine/match/885967.html,885967
ODI # 3689,/ci/engine/match/903593.html,903593
ODI # 3692,/ci/engine/match/903595.html,903595
ODI # 3695,/ci/engine/match/903597.html,903597
ODI # 3698,/ci/engine/match/903599.html,903599
ODI # 3700,/ci/engine/match/903601.html,903601
ODI # 3723,/ci/engine/match/895807.html,895807
ODI # 3724,/ci/engine/match/895809.html,895809
ODI # 3725,/ci/engine/match/895811.html,895811
ODI # 3726,/ci/engine/match/895813.html,895813
ODI # 3727,/ci/engine/match/895815.html,895815
ODI # 3742,/ci/engine/match/1007649.html,1007649
ODI # 3744,/ci/engine/match/1007651.html,1007651
ODI # 3746,/ci/engine/match/1007653.html,1007653
ODI # 3796,/ci/engine/match/1030219.html,1030219
ODI # 3797,/ci/engine/match/1030221.html,1030221
ODI # 3798,/ci/engine/match/1030223.html,1030223
ODI # 3799,/ci/engine/match/1030225.html,1030225
ODI # 3800,/ci/engine/match/1030227.html,1030227
ODI # 3819,/ci/engine/match/1034819.html,1034819
ODI # 3821,/ci/engine/match/1034821.html,1034821
ODI # 3824,/ci/engine/match/1034823.html,1034823
ODI # 3878,/ci/engine/match/1022353.html,1022353
ODI # 3882,/ci/engine/match/1022361.html,1022361
ODI # 3886,/ci/engine/match/1022367.html,1022367
ODI # 3891,/ci/engine/match/1022373.html,1022373
ODI # 3894,/ci/engine/match/1022375.html,1022375
ODI # 3895,/ci/engine/match/1098206.html,1098206
ODI # 3896,/ci/engine/match/1098207.html,1098207
ODI # 3898,/ci/engine/match/1098208.html,1098208
ODI # 3900,/ci/engine/match/1098209.html,1098209
ODI # 3902,/ci/engine/match/1098210.html,1098210
ODI # 3905,/ci/engine/match/1109605.html,1109605
ODI # 3906,/ci/engine/match/1109606.html,1109606
ODI # 3907,/ci/engine/match/1109607.html,1109607
ODI # 3908,/ci/engine/match/1109608.html,1109608
ODI # 3909,/ci/engine/match/1109609.html,1109609
ODI # 3910,/ci/engine/match/1119496.html,1119496